left,right
aaa,osr
aaz,mqw
abh,cdx
abn,uzp
abq,bbd
abw,ais
ace,lyf
acf,hve
ado,jdy
ady,lts
aey,iml
afg,htp
afn,pxl
afp,uyr
agd,mrv
agm,zcc
agz,mgp
ahd,hhl
ahl,nhd
ahw,xit
aic,ewj
aif,xjj
aih,zmb
aip,vky
aje,qyx
ajl,zsh
akh,itf
aki,ard
alj,nod
all,qmv
amk,hpe
amr,yyv
amv,qpy
amy,yag
and,vyw
ane,jif
ant,zqd
aon,rhc
aos,ere
aov,fov
apo,tmh
apz,qaj
aqg,yhf
arh,shd
arl,oal
asg,rdu
asv,jbl
asx,gcl
atp,tkn
ats,zts
atx,tny
atz,jjl
aub,xoe
auj,qof
aum,ugo
avk,nnm
awe,dge
awf,eqi
awg,nls
awl,ojm
axg,xmj
axh,vub
axu,wej
aye,dzq
ayh,jsb
azh,hbd
azm,vjf
azn,jqs
azp,nah
azt,goe
bbo,svn
bbx,zpq
bcz,pve
bdc,nwn
bdf,szx
bdi,sci
bdj,tfq
bdq,mam
bdr,vyh
bea,zdw
bej,pzx
bek,sos
ben,mhx
beo,wuy
bfi,pbj
bfu,ejk
bfz,tdp
bgo,fhp
bgq,fjp
bgr,zqe
bgt,soi
bgz,wqp
bhu,cvj
bih,waa
bin,dpt
bjh,uig
bjj,rer
bka,hkp
bkj,eqp
bkl,gwl
blk,ajn
blo,ozp
bls,rsl
bmg,llb
bml,aev
bmq,cyo
bnl,txe
bod,eqe
boi,dvv
bok,jvn
bov,lvb
bpk,zoh
bpm,kaa
bpp,epo
bpu,ksl
bqa,ekh
bqw,dor
brc,uds
brs,ggh
bsc,ysc
bsj,uxl
bte,fvi
btp,pjb
btv,klj
btx,jxz
btz,syk
buf,toj
bui,lwd
bvt,rxb
bwg,htj
bwh,uzi
bww,akj
bye,xas
byo,ftv
byy,vll
bzk,oij
bzw,agu
caa,wih
caf,yqb
caq,mwv
cav,sdb
caw,zee
cbd,jck
cbk,lqv
cbp,hqx
cbz,arf
ccl,pcj
ccr,sqe
cdf,xgi
cdk,duh
cdl,ryd
cey,cyg
cez,rus
cfm,lns
cfy,eye
cfz,moi
cgk,gjk
che,ckw
chi,ese
chn,mwc
cht,pkx
cie,mjs
cij,vbr
cim,uzy
cis,ivs
cit,ufq
cjc,dqb
cjz,xwa
ckn,wdr
clf,lim
clh,dtg
clo,ejj
clp,aer
clt,fvc
cmd,ptl
cmw,rcr
cmy,cic
cnb,tcw
cnj,lej
coa,nxy
cod,gry
cpa,hng
cpb,pju
cpf,bgy
cpo,fey
cqe,bkz
cqo,omc
cqp,tyd
cqx,xof
cqz,pfh
crr,xmr
crs,neh
cry,jfl
csi,gzf
csr,gkl
csx,tqy
ctc,qqr
ctj,cca
ctr,pyn
ctw,tse
cud,mpz
cug,ubp
cup,gto
cus,mlb
cvh,huz
cvo,dea
cwk,aea
cwm,wfx
cxt,dnm
cye,rzu
cyi,xja
czb,dlp
czi,uhg
czm,ymh
czp,mfx
czr,aan
czt,cvs
czz,zfs
dbc,hbt
dbh,qpr
dbw,jft
dcb,pvu
dco,kgm
dcp,zww
ddh,mko
ddz,nyk
dep,oqv
dfa,xut
dff,lpt
dfi,xvz
dfo,vik
dgp,mgk
dha,rsv
dho,btm
dhr,bto
dil,ano
diq,yug
dis,vpt
dix,ize
djm,cpc
djs,pkh
djx,ysi
dmm,flv
dmu,gkj
dnc,dzj
dni,bru
dnv,qrg
doa,zyf
dod,tnl
dok,gsi
doo,ftg
dpj,tmg
dpo,kjl
dqh,evl
dsg,dek
dsx,qnn
dta,qyh
dtb,ovy
dtc,hef
dtm,jtc
dtw,iyu
dty,zkf
dtz,zyw
duc,rhv
dum,djf
dvw,uux
dvx,dch
dwa,tis
dwp,ort
dwr,bfv
dwt,yrh
dxt,esg
dye,nva
dyl,fxu
dyo,xnj
dyq,czu
dzb,yfm
dzf,ykj
dzl,ryz
dzm,muz
dzo,sbv
dzt,kfn
eae,frn
eav,aeq
ebd,llz
ebl,vrj
ebp,hoo
ebr,onz
ecd,zra
ecn,jee
ecp,qpd
eea,gxx
eeb,pjc
eeg,enx
eek,hho
eel,qtp
eep,cyw
ees,efl
eey,jsp
efh,lqk
efi,hgz
efp,ncb
eft,bzq
egc,ntn
egd,mbu
egm,xzz
egq,ydx
ehm,dwb
ehn,znx
ehq,gfk
ehs,pwx
ehu,xyp
ehx,dim
eid,vdd
eij,pcb
ejf,zxc
ejg,iuh
ejp,fad
ejr,vas
ejv,aoi
eks,dsi
elf,mif
elv,qak
elz,olq
emc,wce
emk,hpb
emu,zzz
emv,udp
end,alg
ene,glf
enk,hpn
enu,ypm
eoh,ifd
eoj,eix
eoq,ujr
epg,zqa
ept,ojp
epv,lyb
eqc,zqs
eri,khp
erj,ezu
erm,tcn
erv,tgd
est,fhu
etz,jsh
eub,zdx
euc,adh
eun,xir
evc,mut
evd,hsx
evp,nhy
ewh,bgd
ewk,mbo
ewn,vux
exo,vst
ezd,kxv
ezl,rzf
ezm,pix
ezq,egz
ezr,dxa
ezt,bud
ezx,sdx
fag,ioe
fao,ouh
fau,zkk
faw,lpz
fbg,chj
fbn,uyu
fdu,uvn
ffa,mex
ffb,uha
ffg,hyg
ffq,rtw
fgn,ojg
fgz,zew
fhn,xek
fiq,lnn
fis,maq
fit,jph
fka,zwm
fkj,uqe
flf,hnb
fls,gxc
fmc,pma
fmi,vdz
fml,gds
fmt,jkm
fng,msx
fnk,lwe
fny,ojd
fnz,kca
foo,tww
foq,irn
fou,qug
fpk,qvl
fqz,hoq
frd,zsm
frp,ith
fry,xph
fse,jce
fsf,wff
fsg,dyi
fsi,aad
fsm,vdi
fsn,gnr
fsp,ggj
fsy,qev
ftr,jra
ful,qvw
fum,cbi
fus,gjo
fux,yuz
fvs,keb
fyd,unp
fyk,alv
fyv,nqp
fzq,ubz
fzs,wjp
fzt,ack
fzu,tyo
fzw,wkm
gaj,bzt
gam,vgn
gax,vei
gbd,npi
gbf,fqt
gbj,nlv
gbv,see
gci,yvh
gdh,myu
gdj,jqa
gdo,vor
gdp,qpp
gdw,xnk
gdz,xbh
geg,anl
gek,lfg
gen,ddm
geu,mxr
gex,ryb
gfd,wkp
gfe,cqk
gff,wso
gfm,wsm
ggo,jge
ggq,vdf
ggs,aet
ghm,tpn
ghn,fyp
ghp,seb
gjr,nkd
gjs,rlf
gki,pnx
gkm,igd
gkp,wvn
gks,bfq
gll,ibi
gln,mhz
gmh,pzj
gmj,acr
gmm,hvq
gna,gjc
gnq,agc
gnz,bwt
gok,jcx
gom,rrs
goq,cws
gox,mon
grb,kfd
gro,ddj
gst,qoa
gsw,apf
gsx,onu
gsy,rwf
gtg,baq
gtw,ppj
gub,hpq
gut,ygm
gvd,auw
gve,vzv
gvp,ein
gwc,epb
gwh,gvf
gwo,eee
gwr,oou
gxl,rbc
gxr,jvf
gzm,uku
gzs,dde
haj,abv
hbi,cmt
hbo,kgd
hbr,cqg
hbv,ddu
hdv,ecx
hfi,xdr
hgh,tbd
hgo,keo
hil,vuv
hjl,kko
hky,juy
hkz,hvt
hlb,zxh
hlj,tkq
hlt,wvq
hly,mhf
hml,lbw
hmo,swx
hmu,uib
hnz,jrv
hpa,net
hph,efz
hpr,btu
hpt,tgs
hqd,lbt
hqi,clb
hqt,uqv
hrc,gqt
hrg,ufk
hri,eat
hrk,uvu
hrr,zzf
hse,ehz
hsg,wpa
hsh,uce
hso,rst
hte,lnq
htg,vhe
htw,qby
htx,ihg
hui,src
huy,iqj
hvb,box
hvi,xtz
hvk,zjq
hvr,cak
hwj,djw
hxf,jcs
hyq,xoc
hzf,jnb
hzk,ekx
hzo,ohu
hzs,bmu
iak,itc
ial,stb
ibb,pjp
ich,ebg
icx,abu
idu,alu
iec,yxf
iei,dga
ies,nrp
ifc,nrs
ifl,hxv
ify,omo
igl,vul
ihb,avz
ihe,ntk
iiq,jxi
iix,udc
ikh,ttb
ikj,okm
ikm,cyq
iky,tep
ikz,eke
ilv,mye
imi,nok
int,dgl
ioa,uwt
ioi,vre
ipd,qpc
ipu,icv
ipv,hzy
ipy,mhl
iqc,rca
iqk,srh
irk,cnf
irt,url
irv,fbk
ise,jbc
isv,lex
itm,zzb
itt,odi
itx,ctm
iua,lqc
iuc,vqy
iuk,whc
iul,tqw
iuu,anr
iuv,mti
ive,cql
ivk,ewo
ivl,owq
ivu,yfk
ivz,zux
iwe,hiy
ixm,sgn
iyc,hdz
iym,fcx
iyz,wbe
izo,ucq
izx,dgn
jad,znw
jag,thl
jak,evr
jal,rkb
jao,egb
jat,fwb
jav,rzk
jay,fmz
jaz,gao
jbf,gnm
jbi,yms
jbp,ezk
jbq,xkt
jcb,aoe
jcf,xua
jcl,tza
jco,ago
jcr,kmv
jcu,pcr
jdh,vob
jey,uau
jfb,ekc
jfe,loo
jfh,jww
jfn,mrq
jfo,tda
jfq,qow
jfu,qfx
jgg,rjc
jgq,kna
jgu,kzb
jhn,ncw
jhx,oyw
jia,vfp
jik,uzd
jio,pzc
jiz,que
jjb,tpi
jjp,xoz
jjq,whr
jka,jhf
jkb,acc
jkd,ibs
jke,xno
jkh,lij
jkj,nyi
jkw,yhl
jkz,lyk
jlg,ltv
jlt,vpo
jlu,cbj
jmi,pab
jng,ypk
jnk,uep
jnm,fme
jno,zjl
job,nzk
jom,abg
jon,ujp
jov,pqv
jow,rjy
jpc,abz
jpe,dzz
jpl,rps
jqb,sqs
jqi,jor
jql,wik
jqw,sfv
jqy,gqn
jrl,sds
jru,eso
jrw,bat
jsq,drs
jss,zay
jtd,jze
jth,eak
jtx,fxf
jud,crl
jul,ujz
jvb,iea
jvl,alm
jvz,vyn
jwo,yeo
jwq,nvh
jwu,gsn
jxa,mkx
jxp,qic
jxu,bid
jyb,ttr
jyj,hmi
jyo,wmz
jyx,olw
jza,ehy
jzr,mzt
jzw,bne
jzx,zfc
kaf,imp
kao,hmk
kbb,obl
kbd,ckb
kbp,nll
kby,flz
kbz,ndi
kcj,ycq
kdj,bvp
kdt,wnr
kei,vay
keu,usj
kfe,aok
kfi,ste
kft,dru
kfv,xxp
kgn,ngd
kgx,jub
kgz,ggd
khu,zfz
khx,ghd
kib,vxp
kic,zyp
kin,fdj
kiz,ajg
kjh,pby
kjq,gew
kjr,wpd
klh,ffr
kmu,cmm
kne,lly
knf,dps
knn,wgf
knq,wic
koe,hdf
koh,rjs
koj,mez
kok,vpv
kot,rhx
kov,iqz
kpk,nmx
kqf,him
kra,dlg
krs,xgd
ksg,ena
ksy,fzl
ktg,ugc
ktj,wal
ktk,wjl
ktx,zuc
kuc,gxm
kut,itp
kva,mai
kvd,esm
kvj,mfh
kvu,ien
kws,jmh
kwv,qjt
kxg,dxp
kxk,bdg
kxt,kbr
kyp,lva
kyv,gpa
kyx,znl
kzc,vsq
kzd,mar
kzq,eki
kzu,vpx
lad,hww
lau,jkn
lba,eup
lbb,rfs
lbu,xfo
lcb,lnc
lcy,jrn
lde,iwg
ldj,zal
lea,xft
lei,red
lfo,xol
lge,vsh
lgg,lol
lgk,msm
lgl,rai
lgt,ici
lgv,hpp
lhn,iql
lhu,jhq
lil,atg
lir,yrb
liv,som
ljf,hom
ljg,ngs
ljq,zxo
lju,pps
lki,wjw
llp,cxw
llt,uxj
llu,tuv
lmb,zne
lmj,cwn
lnd,edh
lnh,qsj
loc,gyc
lot,osh
loy,nax
lpg,rcl
lpx,pmi
lrf,jcm
lrt,mnj
lrz,nqn
lsb,wyt
lsc,haw
lsg,ahi
lsk,gtz
lta,gph
lti,gwi
lug,gar
luw,paj
lvg,cgg
lvk,axv
lvp,rem
lvz,opv
lxg,sqi
lxk,bqj
lxr,enj
lxw,vos
lyv,gjv
lza,bfo
lzl,kla
mab,ohq
mag,hzr
mak,xii
mas,kio
mbe,ziw
mbt,svr
mci,awv
mcj,brp
mdc,bxm
mdf,gjt
mdk,iir
mdn,luh
mep,nja
mew,dwy
mfb,sry
mgi,ggb
mgs,whw
mhv,wqi
mih,vdr
mij,tvu
mit,lzg
mjf,iqo
mjg,qra
mju,ukh
mkp,bff
mkq,gyg
mkv,ken
mld,erp
mln,zck
mlr,csj
mlx,gcs
mmx,sug
mnc,dcn
mnk,vso
mop,xqn
mos,fap
mpn,unn
mpy,cbe
mqc,otv
mrf,rbo
mro,guz
mrt,utf
mry,xyc
msc,kvn
msi,aay
msu,ccp
mtj,gan
mtk,sve
mtm,xwk
mtn,xdt
mub,iwm
mui,pvd
muk,tmy
mvj,zis
mvr,ewl
mvx,hwi
mvy,mja
mwj,mmw
mwx,mqr
mxo,gqs
mxt,fuy
mxy,qym
myf,zob
myh,idm
myi,uax
myw,kyu
myx,bon
myy,ngq
mzb,yll
mzd,slt
mzh,ohd
mzq,jwz
mzv,hvm
naf,wzb
naz,qwe
nbd,qkf
nbp,hwx
nbs,xfh
nbz,xdf
ncl,bxl
ncn,szl
ncs,hpo
nct,tlz
ncv,rpm
ndd,gkh
ndj,dzk
ndo,zhk
ndp,fio
ndy,wpm
nec,ywd
neq,yci
nfp,vsd
nfs,sim
nga,nzs
ngo,mns
nhu,urj
nih,zkc
nin,ggk
nis,rhk
njc,zsr
njk,pqd
njm,xhe
njp,qlb
nka,qpe
nkb,bex
nkc,krd
nkl,qwi
nkp,yas
nku,eql
nkv,bqm
nkz,nbi
nlz,zif
nme,amc
nmn,odb
nnb,seg
noe,kpp
nox,quy
nqe,wta
nqm,hxo
nqq,sii
nqr,jlo
nqv,hva
nrc,ohf
nrh,zqb
nrn,qui
nrw,qvg
nsi,isy
nsq,psa
nsv,gjn
ntc,ani
ntp,rmp
nub,vok
nuc,vxd
nuf,xdd
nuo,cdq
nup,wpc
nuy,zbt
nvj,ihr
nvt,bfa
nwe,mff
nwf,olr
nwh,zco
nwr,saa
nxa,ose
nxv,awo
nyx,zgs
nza,ugi
nzc,atw
nzd,uuf
nzf,msp
nzi,gob
nzl,kxj
nzm,vwq
nzn,pop
nzr,xuy
oab,yrv
oaj,ygn
oay,ckl
obw,ijr
obz,oly
occ,nvo
oce,zlf
ocf,ibh
ocg,pok
odt,kyn
odu,biz
oeh,edp
oep,dyh
oew,wgn
oey,yqm
ofk,qwt
ohs,wyc
oia,snc
oid,iqs
oim,bik
oiu,hpc
okk,wzi
olb,erq
old,nut
ole,hoz
olf,maf
olh,fah
omf,vac
omg,eyf
one,wlb
onq,sgs
ons,dsy
oog,tph
ooq,uot
opk,tpv
oqo,wyx
oqq,gch
oqt,kyh
oru,mlp
orv,jfi
osd,qxg
osj,lvf
osk,zzi
osl,tnk
ost,bcs
oti,hjv
otj,pna
oto,ctp
oul,upm
ouu,ycg
ouy,pgb
ova,bsb
ovl,bch
ovp,tsb
owe,zwh
oxa,mrs
oxi,vqh
oxs,ocx
oyc,bee
oyd,rwt
oyi,bkp
oyn,fes
oze,hpx
ozl,qvz
ozr,zyz
paf,jli
pay,rvg
pbl,xvb
pbr,wqf
pbu,yya
pcg,coi
pdc,yns
pdd,ghc
pdk,bwq
pdu,iam
pdv,hju
pdw,oju
per,bcl
pex,lps
pfl,zdi
pfm,kgv
pgd,kyd
pgf,zjv
pgh,uvh
phg,hjd
phr,gvn
pht,dwx
pia,hwg
pif,czy
pit,tbm
piu,tyl
piz,vmd
pjr,cmf
pjy,swe
pjz,hkd
pke,gya
pkn,xaw
pkp,pnm
pky,iyj
plc,rxt
plf,zkq
plg,vrr
plp,xmd
plw,piy
pmw,hav
pnr,ntz
pnz,hgk
poc,hac
pof,oir
pom,vzq
pos,kef
pox,mnh
ppa,pnn
ppz,xlb
pqc,cfq
pqj,xuk
pqw,nsk
pre,ohi
prz,dam
psd,dla
psu,ini
psv,afx
ptk,wjg
ptm,ipb
ptn,ghj
puk,nne
pvq,ndt
pvy,hgb
pwo,urs
pwq,ucy
pws,qjq
pwy,kww
pxc,qpw
pxm,bvj
pxs,dpz
pxw,jeu
pyl,zxi
pyv,lmv
pyw,izs
qai,klq
qal,xws
qar,syg
qaz,jxn
qbn,mlt
qbo,six
qbp,cga
qbq,fei
qcd,uwg
qch,aun
qcj,ynb
qcp,cmn
qct,tdy
qef,xes
qeh,nas
qez,sgb
qfm,igr
qft,yqj
qgb,ted
qgc,hak
qgo,fim
qgr,rnz
qhf,iws
qhy,rtd
qif,jgo
qji,qdi
qkd,rfj
qki,gky
qkr,jae
qls,cxf
qlu,glt
qlx,vcr
qly,qlm
qml,mhj
qmr,ocn
qmx,kgt
qne,qry
qni,far
qnp,qgm
qns,gfw
qpb,ynk
qpv,phh
qqq,ylh
qrk,brl
qrq,qsu
qru,pyz
qrx,avc
qrz,twd
qse,faq
qtk,dtf
qux,tyv
qvj,gge
qvs,wop
qwl,qzk
qwu,gxp
qxk,sxr
qyo,hyy
qyu,stv
qyv,hot
qzb,ysb
qzc,mga
qzo,wed
qzu,bjy
qzy,rkm
raf,eap
ral,jgn
rbj,hey
rbm,vvo
rbv,zgg
rch,hbc
rda,vht
rdj,ljz
rdk,chy
rdl,dsa
rdo,qao
rec,oaa
reo,sxa
rfd,sur
rfi,fbp
rfn,ydi
rfv,ysj
rgp,lrb
rgu,gme
rgw,qia
rgx,rtx
rgy,cld
rgz,lqh
rha,czs
rho,ppq
rib,may
rio,lch
riz,cya
rja,pae
rje,hag
rjj,srw
rjo,zxk
rjq,ydk
rkd,hvs
rki,lal
rkk,pya
rks,dsf
rla,yvy
rld,oag
rlm,jvu
rma,okt
rmc,uel
rml,ela
rmm,irc
rmq,jig
rmr,ivf
rms,akq
roi,jac
rom,xze
rot,qxu
row,opx
rpv,aep
rqu,jic
rrl,dpg
rrn,euu
rrx,jrj
rta,efv
rtq,ijp
ruf,ezv
ruk,wya
rum,ixk
rur,lzc
rut,kya
rvu,yce
rxr,dyc
rxw,had
rxy,jhz
ryl,ydc
rzc,tyw
rzp,tch
rzr,tgr
sax,bbq
saz,jsc
sbg,jbr
sbj,kjy
sbx,oyf
sby,yir
sca,hfe
scr,awy
scu,ols
scy,oxc
scz,nui
sde,vdl
sdz,jyg
sex,bip
sfd,pwj
sfe,yvq
sfq,kbf
sfu,drd
sfy,ozd
sfz,fpl
sga,wou
sge,boc
sgw,dbz
shu,dfg
shx,kth
sig,mkh
sik,uen
sil,hnq
siv,xmo
skt,cnx
sky,hrp
sld,duy
slh,zom
slk,wiv
slv,ypo
smh,mom
smk,pea
smv,psx
snm,sej
sog,rab
soh,hvp
sor,mzx
spy,tob
sqf,ipc
sqh,nsw
sql,tzt
sqo,uue
sqr,njj
sqw,dgf
srb,leh
srg,buk
srl,uwk
srm,wzm
srp,edv
srz,dlo
ssc,vpy
ssz,ixj
stp,qum
str,ucp
sub,sbt
suk,lyu
suy,ngm
svo,hll
svu,zbu
sws,fkq
sxg,vnt
sxq,jnl
syc,emh
syn,rgf
syp,vhg
syv,hhf
szc,ozs
szp,tbf
szq,rlx
szt,hwy
szv,nmp
tac,hzu
tbj,lod
tbk,dvn
tbq,rcy
tce,zgk
tcf,isb
tco,pns
tcp,wvw
tdg,bhb
tdn,upo
tds,iur
tdt,qhu
tef,ylq
ten,yid
tfc,lwr
tfl,aqw
tfp,nrl
tfr,hrn
tfx,daj
tgf,jij
tgz,duo
thi,dlt
thu,aze
thx,tgv
til,unj
tji,ofi
tjn,fbm
tjp,adn
tjr,wjv
tjx,hsw
tke,byt
tkk,uus
tlj,urw
tma,ybv
tmi,mhq
tmm,joi
tmq,bsx
tng,qna
tnr,ndb
toi,lmt
tok,hqn
tos,hbj
tov,vzy
tow,vyp
tqb,qrd
tqn,lwa
tqu,ore
tra,hkx
trv,vkx
tso,fev
ttt,igo
tug,cdy
tuq,cwe
tut,trl
tuu,zju
tvj,fkf
twj,pwt
twl,kzz
twv,rsc
twx,bkd
tys,kkt
tzf,epw
tzh,pfr
tzk,rmw
tzn,cpn
uai,gpy
uar,rfh
uas,gjm
uav,pqo
uba,tip
ubf,yxe
udl,lby
udv,dvd
udx,qln
ueb,lnj
ueo,hen
uer,sru
ugf,tvi
ugq,qax
uhd,tap
uhm,aqq
uhn,gzn
uik,ixe
uiq,pty
ujd,xxe
uje,suv
uka,rnt
ukf,dvz
ukl,ddw
ukn,upi
umb,qfu
umj,cjk
umr,ibg
umy,oma
unu,axz
unw,mtz
uoq,bdl
uov,gdk
uox,lxv
uoy,vej
upu,iyi
upv,qfd
uqn,mne
uqo,cdn
uqq,yvd
uqs,rfx
urv,xxl
ury,pyh
urz,lwt
usr,rpg
utt,bvn
uuj,avl
uup,ytu
uvm,hpd
uvr,big
uwl,aod
uwo,vvf
uwr,zvq
uws,qfj
uwz,yvs
uxe,emr
uxv,ibw
uxw,rgm
uyb,yqc
uyn,gsm
uyz,iby
uzf,rxl
uzl,sqy
uzs,ewv
vad,gab
vag,mze
vau,yau
vav,sop
vck,cun
vda,gne
veb,aqb
vfr,whg
vgf,bqh
vgr,hzn
vgt,xsl
vhf,wtb
vio,yaw
vjk,ymf
vjn,jmx
vke,eyt
vks,ejz
vkv,xoj
vlf,dvu
vlr,iqg
vmg,eqd
vmh,ulm
vmm,xwg
vnb,rsk
vnj,xyw
vnl,psw
voe,shs
vow,eqq
vpf,ixa
vpl,kai
vqb,cww
vqd,lga
vqf,ttg
vqk,dlu
vqo,toh
vqq,utw
vqx,upf
vri,izd
vrx,saq
vsg,xyq
vsk,iab
vsm,mtw
vsz,qjh
vtg,nqs
vtn,ifg
vtp,abc
vue,zzd
vuf,tof
vug,pad
vui,vrw
vvg,dma
vvu,nvw
vws,ref
vwu,jjf
vwv,wdv
vww,ixr
vxb,ewm
vxi,ojs
vye,xnq
vyo,fcs
vyt,dez
vzg,rlp
vzk,fzi
vzl,age
vzs,wcj
wac,zjn
wbn,xso
wbo,dnj
wch,vwk
wci,wiq
wcm,ubd
wcp,zar
wcr,ogz
wdg,avm
wdh,ono
wdj,wlk
wdm,vxx
wdn,eru
wdw,xfz
wdy,ceg
wef,rdv
weo,taa
wew,ioy
wfv,ceq
wgx,cqw
wha,zna
whm,fcp
who,ong
whq,wen
wjh,imc
wjo,hyh
wke,knd
wkn,wyv
wko,otk
wkz,vef
wlx,cqq
wmc,atl
wmi,jgw
wmm,sbr
wng,xsr
wnl,cni
wnq,scq
woh,ord
wok,ocy
wor,cyf
wpe,fcj
wpq,dub
wpw,lhf
wqw,hqw
wrb,vma
wrr,uwf
wru,zwb
wrv,evy
wsc,akf
wsq,trh
wsy,fqh
wtc,qys
wtd,jbm
wuf,zgq
wuu,mie
wvg,adu
wvj,jky
wwv,zyd
wxe,bbz
wxk,fmo
wxp,aqy
wxv,jec
wxy,qwk
wyf,zws
wyg,xhi
wzc,jwa
xar,npt
xav,sau
xba,bpt
xbe,ims
xbg,zkn
xbj,vft
xbo,wgs
xcc,nmq
xco,cvi
xcr,tup
xcw,ign
xdb,rdp
xde,cnz
xdj,oqp
xdm,yyn
xdy,orh
xeh,gvu
xem,mvo
xen,ekq
xet,jqu
xfe,dgg
xfq,jsa
xfx,dip
xgb,hxg
xhf,neb
xhu,vhy
xia,avg
xid,cla
xjt,osw
xjz,vns
xlf,ubo
xlp,zyr
xlv,wgr
xmf,zqr
xmi,fth
xmk,yzg
xms,nso
xmt,thr
xmw,xsa
xnf,kvz
xng,zqw
xnl,nnh
xod,mgj
xpd,hhu
xpf,bsy
xpl,roc
xqb,rzv
xqs,ovf
xrd,ryx
xrj,cfg
xrv,tta
xsx,pdh
xtd,ski
xte,sbi
xtm,wkf
xub,ibj
xud,afo
xui,gfy
xuo,jkt
xup,sdm
xuw,hum
xvj,vgw
xvt,wua
xwc,odn
xwd,wba
xwu,ded
xxf,kah
xxj,uit
xzm,muo
xzw,yqs
xzx,vtv
yal,irf
yan,dsu
yao,mlz
ybh,xri
ybj,ikb
yby,rhj
ybz,xsm
yca,oom
ycb,vbo
ycu,dyp
ycz,iii
ydq,uvl
yeg,ksq
yem,fnl
yeu,pic
yfh,gnf
yfj,imq
yfl,kmt
yfw,mqd
yga,paq
ygb,rcj
ygr,gms
yhm,ajs
yhv,gle
yhw,qey
yis,kgo
yiv,bap
yjm,mtv
yka,mqn
ykh,oxn
ykz,ysm
yle,kgp
ylf,prd
ymg,vfm
yml,tes
ymo,dwg
ymt,zvk
ymu,nze
yne,qdb
yok,cvz
yor,ofg
ypp,dcs
ypy,soe
yqh,ujm
yqo,shl
yqp,ubt
yqt,plo
yrf,ile
yri,mqh
yrl,ncd
yrn,ruo
yrp,dso
ysp,tfh
yst,twu
ytx,syj
yua,bse
yue,nrq
yuh,dyw
yul,zlm
yvt,now
yvu,gjg
ywh,hds
ywk,qjb
yxq,led
yyp,veu
yyt,mbb
yyu,zdk
yzw,zuo
zac,tpj
zbo,xxu
zbx,xhz
zcn,sai
zcs,gbw
zdr,lfv
zdy,cpr
zgl,gmf
zgz,sdw
zhb,ymk
zho,czx
zhp,apv
zhq,wev
zhr,apr
zhw,ofd
zig,brm
zix,szb
zjh,igu
zjj,lqu
zjk,ygv
zkg,eyo
zkr,mvv
zkw,ytm
zkx,afz
zlc,bbl
zle,pch
zlg,hae
zlh,dqu
zlt,vnw
zmd,gmr
zmv,zvf
znf,nrg
znv,pfp
znz,vlw
zoe,wja
zof,vmi
zoi,rty
zoj,jeb
zox,iki
zoy,uuh
zpe,din
zpi,pka
zps,gnj
zqi,vlp
zqn,vsn
zqo,gxs
zrh,qkl
zri,erg
zrq,brv
zsp,vql
zss,irj
zsx,hit
ztl,lbd
ztq,vsw
ztz,zdo
zue,wmy
zus,inw
zvp,itl
zvu,crw
zwe,fvt
zwf,wrj
zxn,aim
zxz,vhv
zyb,rzo
zyn,egp
zzc,pjk
zzu,fxo
zzy,yqv
